sample_id,date,region,category,channel,orders,units,revenue,cost,discount_rate,satisfaction_score
S001,2026-01-01,East,Electronics,Online,18,27,3240,2180,0.08,4.5
S002,2026-01-02,North,Home,Store,14,22,1860,1210,0.05,4.2
S003,2026-01-03,South,Beauty,Online,21,39,2145,1060,0.12,4.6
S004,2026-01-04,West,Grocery,Store,25,64,1720,1195,0.03,4.1
S005,2026-01-05,East,Sports,Online,16,24,2380,1430,0.10,4.4
S006,2026-01-06,North,Electronics,Store,19,26,3510,2410,0.04,4.3
S007,2026-01-07,South,Home,Online,13,20,1740,1110,0.09,4.0
S008,2026-01-08,West,Beauty,Store,23,42,2280,1170,0.06,4.7
S009,2026-01-09,East,Grocery,Online,28,73,1960,1320,0.07,4.2
S010,2026-01-10,North,Sports,Store,17,25,2460,1510,0.05,4.4
S011,2026-01-11,South,Electronics,Online,20,29,3720,2520,0.11,4.5
S012,2026-01-12,West,Home,Store,15,23,1920,,0.04,4.1
S013,2026-01-13,East,Beauty,Online,24,45,2395,1230,0.13,4.8
S014,2026-01-14,North,Grocery,Store,27,69,1840,1260,0.02,4.0
S015,2026-01-15,South,Sports,Online,18,28,2670,1590,0.09,4.5
S016,2026-01-16,West,Electronics,Store,22,31,3980,2730,0.05,4.3
S017,2026-01-17,East,Home,Online,16,25,2050,1320,0.10,4.2
S018,2026-01-18,North,Beauty,Store,25,47,2510,1280,0.06,4.6
S019,2026-01-19,South,Grocery,Online,30,78,2070,1390,0.08,4.3
S020,2026-01-20,West,Sports,Store,19,30,2790,1690,0.04,4.4
S021,2026-01-21,East,Electronics,Online,23,34,4210,2860,0.12,4.6
S022,2026-01-22,North,Home,Store,17,26,2180,1410,0.03,4.1
S023,2026-01-23,South,Beauty,Online,26,49,2635,1350,0.14,4.7
S024,2026-01-24,West,Grocery,Store,29,75,2010,1365,0.02,4.0
S025,2026-01-25,East,Sports,Online,20,32,2920,1750,0.11,4.5
S026,2026-01-26,North,Electronics,Store,24,35,4380,3010,0.05,4.4
S027,2026-01-27,South,Home,Online,18,28,2290,1480,0.09,
S028,2026-01-28,West,Beauty,Store,27,51,2740,1410,0.07,4.6
S029,2026-01-29,East,Grocery,Online,31,82,2160,1450,0.08,4.2
S030,2026-01-30,North,Sports,Store,21,34,3080,1840,0.04,4.5
S031,2026-01-31,South,Electronics,Online,25,37,4590,3120,0.10,4.6
S032,2026-02-01,West,Home,Store,19,29,2410,1560,0.05,4.2
S033,2026-02-02,East,Beauty,Online,28,53,2860,1475,0.12,4.7
S034,2026-02-03,North,Grocery,Store,32,85,2240,1510,0.03,4.1
S035,2026-02-04,South,Electronics,Online,95,210,14500,5800,0.01,4.9
S036,2026-02-05,West,Sports,Store,22,36,3190,1910,0.06,4.3
S037,2026-02-06,East,Home,Online,20,31,2520,1630,0.09,4.4
S038,2026-02-07,North,Beauty,Store,29,55,2980,1530,0.05,4.6
S039,2026-02-08,South,Grocery,Online,11,19,690,610,0.45,1.8
S040,2026-02-09,West,Sports,Store,23,38,3310,1980,0.04,4.5
